#,keyword,target_page,intent,autocomplete_variants,ease_from_serp,semrush_sv_in,semrush_kd,ahrefs_kd,kwfinder_sv_local,kwfinder_kd,gkp_range_greater_noida,screenshot_files,notes
1,bennett university nearest metro station,/getting-here/bennett-university-nearest-metro-station/,Informational,46,5,,,,,,,,
2,restaurants near bennett university,/eat/food-near-bennett-university/,Commercial,3,5,,,,,,,,
3,galgotias university nearest metro station,/getting-here/nearest-metro-station-galgotias-sharda-gl-bajaj/,Informational,48,4,,,,,,,,
4,auto fare in greater noida,/getting-here/,Informational,70,4,,,,,,,,
5,greater noida metro ticket whatsapp number,/getting-here/greater-noida-metro-tickets/,Informational,27,4,,,,,,,,
6,pari chowk to botanical garden bus,/getting-here/pari-chowk-to-botanical-garden-bus/,Informational,31,4,,,,,,,,
7,pg near bennett university,/stay/pg-near-bennett-university/,Commercial,21,4,,,,,,,,
8,pg near galgotias university,/stay/pg-near-galgotias-university/,Commercial,14,4,,,,,,,,
9,how to find pg in greater noida,/stay/how-to-find-pg-greater-noida/,Informational,10,4,,,,,,,,
10,is greater noida safe for students,/living/is-greater-noida-safe-for-students/,Informational,10,4,,,,,,,,
11,late night food greater noida,/eat/late-night-food-greater-noida/,Commercial,8,4,,,,,,,,
12,pari chowk food,/eat/pari-chowk-food/,Commercial,31,4,,,,,,,,
13,cafe near knowledge park,/eat/cafes-near-knowledge-park/,Commercial,18,4,,,,,,,,
14,knowledge park greater noida pin code,/living/knowledge-park-sectors-pin-codes/,Informational,53,3,,,,,,,,
15,how to reach greater noida by metro,/getting-here/delhi-to-greater-noida-by-metro/,Informational,380,3,,,,,,,,
S1,knowledge park greater noida,/,Informational,4,2,,,,,,,,secondary
S2,greater noida metro timings,/getting-here/greater-noida-metro-timings/,Informational,118,2,,,,,,,,secondary
S3,pg in knowledge park greater noida,/stay/,Commercial,59,2,,,,,,,,secondary
S4,girls pg in greater noida,/stay/girls-pg-greater-noida/,Commercial,26,2,,,,,,,,secondary
S5,things to do in greater noida with friends,/explore/,Informational,22,3,,,,,,,,secondary
